{
  "Logistic Regression": {
    "acc": 0.7890520694259012,
    "prec": 0.9429133858267716,
    "rec": 0.787828947368421,
    "f1": 0.8584229390681004,
    "auc": 0.8862915266890631
  },
  "SVM (RBF)": {
    "acc": 0.8157543391188251,
    "prec": 0.9368029739776952,
    "rec": 0.8289473684210527,
    "f1": 0.8795811518324608,
    "auc": 0.8949293113101904
  },
  "K-Nearest Neighbors": {
    "acc": 0.8651535380507344,
    "prec": 0.8777943368107303,
    "rec": 0.96875,
    "f1": 0.9210320562939797,
    "auc": 0.8380517450541247
  },
  "Random Forest": {
    "acc": 0.8825100133511349,
    "prec": 0.90625,
    "rec": 0.9539473684210527,
    "f1": 0.9294871794871795,
    "auc": 0.8933137364688317
  },
  "Gradient Boosting": {
    "acc": 0.8865153538050734,
    "prec": 0.9092331768388107,
    "rec": 0.9555921052631579,
    "f1": 0.9318364073777065,
    "auc": 0.8925088652482269
  },
  "Extra Trees": {
    "acc": 0.8704939919893191,
    "prec": 0.8998435054773083,
    "rec": 0.9457236842105263,
    "f1": 0.9222133119486768,
    "auc": 0.8657731429637925
  },
  "XGBoost": {
    "acc": 0.829105473965287,
    "prec": 0.9395604395604396,
    "rec": 0.84375,
    "f1": 0.8890814558058926,
    "auc": 0.8987378686076894
  },
  "LightGBM": {
    "acc": 0.8331108144192256,
    "prec": 0.9431192660550459,
    "rec": 0.8453947368421053,
    "f1": 0.8915871639202082,
    "auc": 0.8949934677118329
  },
  "Random Forest (Tuned)": {
    "acc": 0.8958611481975968,
    "prec": 0.9076923076923077,
    "rec": 0.9703947368421053,
    "f1": 0.9379968203497615,
    "auc": 0.896976483762598
  },
  "XGBoost (Tuned)": {
    "acc": 0.8945260347129506,
    "prec": 0.911353032659409,
    "rec": 0.9638157894736842,
    "f1": 0.9368505195843325,
    "auc": 0.8940894456886899
  },
  "Soft Voting Ensemble": {
    "acc": 0.8704939919893191,
    "prec": 0.933786078098472,
    "rec": 0.9046052631578947,
    "f1": 0.9189640768588136,
    "auc": 0.8996127286300858
  }
}